<?xml version="1.0" encoding="UTF-8"?>
<metadata xml:lang="es"><Esri><CreaDate>20200121</CreaDate><CreaTime>09345300</CreaTime><ArcGISFormat>1.0</ArcGISFormat><SyncOnce>FALSE</SyncOnce><DataProperties><lineage><Process ToolSource="c:\archivos de programa\arcgis\desktop10.0\ArcToolbox\Toolboxes\Data Management Tools.tbx\DefineProjection" Date="20121012" Time="125422">DefineProjection "D:\Limite Alba\nacional linea.shp" PROJCS['WGS_1984_UTM_Zone_16N',GEOGCS['GCS_WGS_1984',DATUM['D_WGS_1984',SPHEROID['WGS_1984',6378137.0,298.257223563]],PRIMEM['Greenwich',0.0],UNIT['Degree',0.0174532925199433]],PROJECTION['Transverse_Mercator'],PARAMETER['False_Easting',500000.0],PARAMETER['False_Northing',0.0],PARAMETER['Central_Meridian',-87.0],PARAMETER['Scale_Factor',0.9996],PARAMETER['Latitude_Of_Origin',0.0],UNIT['Meter',1.0]]</Process><Process ToolSource="C:\Program Files (x86)\ArcGIS\Desktop10.0\ArcToolbox\Toolboxes\Data Management Tools.tbx\Merge" Date="20130305" Time="004332">Merge 'nacional linea';'mat y jin linea';'limite municipio linea';'el cua linea' "C:\Limites Nac\NIC1.shp" "LEFT_FID "LEFT_FID" true true false 9 Long 0 9 ,First,#,nacional linea,LEFT_FID,-1,-1,mat y jin linea,LEFT_FID,-1,-1,el cua linea,LEFT_FID,-1,-1;RIGHT_FID "RIGHT_FID" true true false 9 Long 0 9 ,First,#,nacional linea,RIGHT_FID,-1,-1,mat y jin linea,RIGHT_FID,-1,-1,el cua linea,RIGHT_FID,-1,-1;DESCRIPCIó "DESCRIPCIó" true true false 30 Text 0 0 ,First,#,nacional linea,DESCRIPCIó,-1,-1;ID "ID" true true false 6 Long 0 6 ,First,#,limite municipio linea,ID,-1,-1;LIMITE "LIMITE" true true false 30 Text 0 0 ,First,#,limite municipio linea,LIMITE,-1,-1"</Process><Process ToolSource="C:\Program Files (x86)\ArcGIS\Desktop10.0\ArcToolbox\Toolboxes\Data Management Tools.tbx\FeatureToPolygon" Date="20130305" Time="005650">FeatureToPolygon NIC1 "C:\Limites Nac\limite nacional municipio.shp" # ATTRIBUTES #</Process><Process ToolSource="C:\Program Files (x86)\ArcGIS\Desktop10.0\ArcToolbox\Toolboxes\Data Management Tools.tbx\CalculateField" Date="20130305" Time="010810">CalculateField "limite nacional municipio" DPTO_ "JINOTEGA" VB #</Process><Process ToolSource="C:\Program Files (x86)\ArcGIS\Desktop10.0\ArcToolbox\Toolboxes\Data Management Tools.tbx\CalculateField" Date="20130305" Time="011602">CalculateField "limite nacional municipio" DPTO_ "REGIÓN AUTÓNOMA  ATLÁNTICO NORTE" VB #</Process><Process ToolSource="C:\Program Files (x86)\ArcGIS\Desktop10.0\ArcToolbox\Toolboxes\Data Management Tools.tbx\CalculateField" Date="20130305" Time="012003">CalculateField "limite nacional municipio" Municipio "Waspán" VB #</Process><Process ToolSource="C:\Program Files (x86)\ArcGIS\Desktop10.0\ArcToolbox\Toolboxes\Data Management Tools.tbx\CalculateField" Date="20130305" Time="012330">CalculateField "limite nacional municipio" Municipio "Prinzapolka" VB #</Process><Process ToolSource="C:\Program Files (x86)\ArcGIS\Desktop10.0\ArcToolbox\Toolboxes\Data Management Tools.tbx\CalculateField" Date="20130305" Time="012455">CalculateField "limite nacional municipio" Municipio "Puerto Cabezas" VB #</Process><Process ToolSource="C:\Program Files (x86)\ArcGIS\Desktop10.0\ArcToolbox\Toolboxes\Data Management Tools.tbx\CalculateField" Date="20130305" Time="013107">CalculateField "limite nacional municipio" Municipio "Laguna de Perlas" VB #</Process><Process ToolSource="C:\Program Files (x86)\ArcGIS\Desktop10.0\ArcToolbox\Toolboxes\Data Management Tools.tbx\CalculateField" Date="20130305" Time="013251">CalculateField "limite nacional municipio" DPTO_ "REGIÓN AUTÓNOMA  ATLÁNTICO SUR" VB #</Process><Process ToolSource="C:\Program Files (x86)\ArcGIS\Desktop10.0\ArcToolbox\Toolboxes\Data Management Tools.tbx\CalculateField" Date="20130305" Time="013816">CalculateField "limite nacional municipio" Municipio "Bluefields" VB #</Process><Process ToolSource="C:\Program Files (x86)\ArcGIS\Desktop10.0\ArcToolbox\Toolboxes\Data Management Tools.tbx\CalculateField" Date="20130305" Time="015343">CalculateField "limite nacional municipio" DPTO_ "CHONTALES" VB #</Process><Process ToolSource="C:\Program Files (x86)\ArcGIS\Desktop10.0\ArcToolbox\Toolboxes\Data Management Tools.tbx\CalculateField" Date="20130305" Time="015540">CalculateField "limite nacional municipio" Municipio "Acoyapa" VB #</Process><Process ToolSource="C:\Program Files (x86)\ArcGIS\ArcToolbox\Toolboxes\Data Management Tools.tbx\DefineProjection" Date="20130416" Time="115625">DefineProjection "limite nacional municipio" PROJCS['WGS_1984_UTM_Zone_16N',GEOGCS['GCS_WGS_1984',DATUM['D_WGS_1984',SPHEROID['WGS_1984',6378137.0,298.257223563]],PRIMEM['Greenwich',0.0],UNIT['Degree',0.0174532925199433]],PROJECTION['Transverse_Mercator'],PARAMETER['false_easting',500000.0],PARAMETER['false_northing',0.0],PARAMETER['central_meridian',-87.0],PARAMETER['scale_factor',0.9996],PARAMETER['latitude_of_origin',0.0],UNIT['Meter',1.0]] "limite nacional municipio"</Process><Process ToolSource="C:\Program Files (x86)\ArcGIS\ArcToolbox\Toolboxes\Data Management Tools.tbx\DefineProjection" Date="20130823" Time="152355">DefineProjection "limite nacional municipio" PROJCS['WGS_1984_UTM_Zone_16N',GEOGCS['GCS_WGS_1984',DATUM['D_WGS_1984',SPHEROID['WGS_1984',6378137.0,298.257223563]],PRIMEM['Greenwich',0.0],UNIT['Degree',0.0174532925199433]],PROJECTION['Transverse_Mercator'],PARAMETER['False_Easting',500000.0],PARAMETER['False_Northing',0.0],PARAMETER['Central_Meridian',-87.0],PARAMETER['Scale_Factor',0.9996],PARAMETER['Latitude_Of_Origin',0.0],UNIT['Meter',1.0]] "limite nacional municipio"</Process><Process ToolSource="c:\program files (x86)\arcgis\desktop10.1\ArcToolbox\Toolboxes\Data Management Tools.tbx\DefineProjection" Date="20140619" Time="084031">DefineProjection "D:\Shape Nacional\Limites Nac\Limitefinal\limite nacional municipio.shp" PROJCS['WGS_1984_UTM_Zone_16N',GEOGCS['GCS_WGS_1984',DATUM['D_WGS_1984',SPHEROID['WGS_1984',6378137.0,298.257223563]],PRIMEM['Greenwich',0.0],UNIT['Degree',0.0174532925199433]],PROJECTION['Transverse_Mercator'],PARAMETER['False_Easting',500000.0],PARAMETER['False_Northing',0.0],PARAMETER['Central_Meridian',-87.0],PARAMETER['Scale_Factor',0.9996],PARAMETER['Latitude_Of_Origin',0.0],UNIT['Meter',1.0]]</Process><Process ToolSource="c:\program files (x86)\arcgis\desktop10.1\ArcToolbox\Toolboxes\Data Management Tools.tbx\Merge" Date="20160308" Time="132143">Merge Caribe_y_Matjino;Esteli_Merge C:\Users\gsolis\Documents\ArcGIS\Default.gdb\Caribe_y_Matjino_Merge "ID "ID" true true false 6 Long 0 6 ,First,#,Caribe_y_Matjino,ID,-1,-1,Esteli_Merge,ID,-1,-1;DPTO_ "DPTO_" true true false 40 Text 0 0 ,First,#,Caribe_y_Matjino,DPTO_,-1,-1,Esteli_Merge,DPTO_,-1,-1;MUNICIPIO "MUNICIPIO" true true false 40 Text 0 0 ,First,#,Caribe_y_Matjino,MUNICIPIO,-1,-1,Esteli_Merge,MUNICIPIO,-1,-1;REGION "REGION" true true false 10 Text 0 0 ,First,#,Caribe_y_Matjino,REGION,-1,-1,Esteli_Merge,REGION,-1,-1;KM² "KM²" true true false 16 Double 2 15 ,First,#,Caribe_y_Matjino,KM²,-1,-1;FID_limite "FID_limite" true true false 4 Long 0 0 ,First,#,Esteli_Merge,FID_limite,-1,-1;ID_1 "ID_1" true true false 4 Long 0 0 ,First,#,Esteli_Merge,ID_1,-1,-1;DPTO1 "DPTO1" true true false 40 Text 0 0 ,First,#,Esteli_Merge,DPTO1,-1,-1;MUNICIPI_1 "MUNICIPI_1" true true false 40 Text 0 0 ,First,#,Esteli_Merge,MUNICIPI_1,-1,-1;REGION_1 "REGION_1" true true false 10 Text 0 0 ,First,#,Esteli_Merge,REGION_1,-1,-1;KM²_ "KM²_" true true false 8 Double 0 0 ,First,#,Esteli_Merge,KM²_,-1,-1;Elemento_1 "Elemento_1" true true false 50 Text 0 0 ,First,#,Esteli_Merge,Elemento_1,-1,-1;Shape_Length "Shape_Length" false true true 8 Double 0 0 ,First,#,Esteli_Merge,Shape_Length,-1,-1;Shape_Area "Shape_Area" false true true 8 Double 0 0 ,First,#,Esteli_Merge,Shape_Area,-1,-1"</Process><Process ToolSource="c:\program files (x86)\arcgis\desktop10.1\ArcToolbox\Toolboxes\Data Management Tools.tbx\CalculateField" Date="20160308" Time="132822">CalculateField Caribe_y_Matjino_Merge DPTO_ [DPTO1] VB #</Process><Process ToolSource="c:\program files (x86)\arcgis\desktop10.1\ArcToolbox\Toolboxes\Data Management Tools.tbx\CalculateField" Date="20160308" Time="132835">CalculateField Caribe_y_Matjino_Merge MUNICIPIO [MUNICIPI_1] VB #</Process><Process ToolSource="c:\program files (x86)\arcgis\desktop10.1\ArcToolbox\Toolboxes\Data Management Tools.tbx\DeleteField" Date="20160308" Time="133207">DeleteField Caribe_y_Matjino_Merge REGION;FID_limite;ID_1;DPTO1;MUNICIPI_1;REGION_1;KM²_;Elemento_1</Process><Process ToolSource="c:\program files (x86)\arcgis\desktop10.2\ArcToolbox\Toolboxes\Conversion Tools.tbx\FeatureClassToFeatureClass" Date="20160314" Time="170434">FeatureClassToFeatureClass "E:\Correccion Limites\Limites_2016.shp" "E:\Correccion Limites\Limites.mdb\Limites_municipales" Limites_2016_v2 # "OBJECTID "OBJECTID" true true false 9 Long 0 9 ,First,#,E:\Correccion Limites\Limites_2016.shp,OBJECTID,-1,-1;ID "ID" true true false 9 Long 0 9 ,First,#,E:\Correccion Limites\Limites_2016.shp,ID,-1,-1;DPTO_ "DPTO_" true true false 40 Text 0 0 ,First,#,E:\Correccion Limites\Limites_2016.shp,DPTO_,-1,-1;MUNICIPIO "MUNICIPIO" true true false 40 Text 0 0 ,First,#,E:\Correccion Limites\Limites_2016.shp,MUNICIPIO,-1,-1;KM² "KM²" true true false 19 Double 0 0 ,First,#,E:\Correccion Limites\Limites_2016.shp,KM²,-1,-1" #</Process><Process ToolSource="c:\program files (x86)\arcgis\desktop10.2\ArcToolbox\Toolboxes\Data Management Tools.tbx\CalculateField" Date="20160406" Time="080343">CalculateField Limites_2016_v4 DPTO_ "Chinandega" VB #</Process><Process ToolSource="c:\program files (x86)\arcgis\desktop10.2\ArcToolbox\Toolboxes\Data Management Tools.tbx\CalculateField" Date="20160406" Time="080400">CalculateField Limites_2016_v4 DPTO_ "Chontales" VB #</Process><Process ToolSource="c:\program files (x86)\arcgis\desktop10.2\ArcToolbox\Toolboxes\Data Management Tools.tbx\CalculateField" Date="20160406" Time="080411">CalculateField Limites_2016_v4 DPTO_ "Estelí" VB #</Process><Process ToolSource="c:\program files (x86)\arcgis\desktop10.2\ArcToolbox\Toolboxes\Data Management Tools.tbx\CalculateField" Date="20161116" Time="162023">CalculateField Limites_2016_v7 code_dpto2 [CODE_DPTO] VB #</Process><Process ToolSource="c:\program files (x86)\arcgis\desktop10.2\ArcToolbox\Toolboxes\Data Management Tools.tbx\CalculateField" Date="20161116" Time="162052">CalculateField Limites_2016_v7 code_muni2 [CODE_MUNI] VB #</Process><Process ToolSource="c:\program files (x86)\arcgis\desktop10.2\ArcToolbox\Toolboxes\Data Management Tools.tbx\CalculateField" Date="20161116" Time="162158">CalculateField Limites_2016_v7 code_dpto [code_dpto2] VB #</Process><Process ToolSource="c:\program files (x86)\arcgis\desktop10.2\ArcToolbox\Toolboxes\Data Management Tools.tbx\CalculateField" Date="20161116" Time="162226">CalculateField Limites_2016_v7 code_muni [code_muni2] VB #</Process><Process ToolSource="c:\program files (x86)\arcgis\desktop10.2\ArcToolbox\Toolboxes\Data Management Tools.tbx\CalculateField" Date="20161116" Time="162426">CalculateField Limites_2016_v7 cod_muni [code_muni] VB #</Process><Process ToolSource="c:\program files (x86)\arcgis\desktop10.2\ArcToolbox\Toolboxes\Data Management Tools.tbx\CalculateField" Date="20161116" Time="162539">CalculateField Limites_2016_v7 dpto "Jinotega" VB #</Process><Process ToolSource="c:\program files (x86)\arcgis\desktop10.2\ArcToolbox\Toolboxes\Data Management Tools.tbx\CalculateField" Date="20161116" Time="162556">CalculateField Limites_2016_v7 dpto "Matagalpa" VB #</Process><Process ToolSource="c:\program files (x86)\arcgis\desktop10.2\ArcToolbox\Toolboxes\Data Management Tools.tbx\CalculateField" Date="20161116" Time="162616">CalculateField Limites_2016_v7 dpto "Boaco" VB #</Process><Process ToolSource="c:\program files (x86)\arcgis\desktop10.2\ArcToolbox\Toolboxes\Data Management Tools.tbx\CalculateField" Date="20161116" Time="162634">CalculateField Limites_2016_v7 dpto "Carazo" VB #</Process><Process ToolSource="c:\program files (x86)\arcgis\desktop10.2\ArcToolbox\Toolboxes\Data Management Tools.tbx\CalculateField" Date="20161116" Time="162653">CalculateField Limites_2016_v7 dpto "Chinandega" VB #</Process><Process ToolSource="c:\program files (x86)\arcgis\desktop10.2\ArcToolbox\Toolboxes\Data Management Tools.tbx\CalculateField" Date="20161116" Time="162714">CalculateField Limites_2016_v7 dpto "Chontales" VB #</Process><Process ToolSource="c:\program files (x86)\arcgis\desktop10.2\ArcToolbox\Toolboxes\Data Management Tools.tbx\CalculateField" Date="20161116" Time="162735">CalculateField Limites_2016_v7 dpto "Estelí" VB #</Process><Process ToolSource="c:\program files (x86)\arcgis\desktop10.2\ArcToolbox\Toolboxes\Data Management Tools.tbx\CalculateField" Date="20161116" Time="162754">CalculateField Limites_2016_v7 dpto "Granada" VB #</Process><Process ToolSource="c:\program files (x86)\arcgis\desktop10.2\ArcToolbox\Toolboxes\Data Management Tools.tbx\CalculateField" Date="20161116" Time="163333">CalculateField Limites_2016_v7 code_muni [cod_muni] VB #</Process><Process ToolSource="c:\program files (x86)\arcgis\desktop10.2\ArcToolbox\Toolboxes\Data Management Tools.tbx\CalculateField" Date="20161116" Time="164810">CalculateField Limites_2016_v7 cod_dpto [code_dpto] VB #</Process><Process ToolSource="c:\program files (x86)\arcgis\desktop10.2\ArcToolbox\Toolboxes\Data Management Tools.tbx\CalculateField" Date="20161116" Time="164836">CalculateField Limites_2016_v7 cod_dpto [code_dpto] VB #</Process><Process ToolSource="c:\program files (x86)\arcgis\desktop10.2\ArcToolbox\Toolboxes\Data Management Tools.tbx\CalculateField" Date="20161116" Time="164853">CalculateField Limites_2016_v7 cod_dpto [code_dpto] VB #</Process><Process ToolSource="c:\program files (x86)\arcgis\desktop10.2\ArcToolbox\Toolboxes\Data Management Tools.tbx\CalculateField" Date="20161116" Time="170252">CalculateField Limites_2016_v7 depto [dpto] VB #</Process><Process ToolSource="c:\program files (x86)\arcgis\desktop10.2\ArcToolbox\Toolboxes\Data Management Tools.tbx\CalculateField" Date="20161116" Time="170411">CalculateField Limites_2016_v7 code_dptp [cod_dpto] VB #</Process><Process ToolSource="c:\program files (x86)\arcgis\desktop10.2\ArcToolbox\Toolboxes\Data Management Tools.tbx\CalculateField" Date="20161116" Time="170523">CalculateField Limites_2016_v7 code_dpto [code_dptp] VB #</Process><Process ToolSource="c:\program files (x86)\arcgis\desktop10.2\ArcToolbox\Toolboxes\Data Management Tools.tbx\CalculateField" Date="20161116" Time="170642">CalculateField Limites_2016_v7 depto [dpto] VB #</Process><Process ToolSource="c:\program files (x86)\arcgis\desktop10.2\ArcToolbox\Toolboxes\Data Management Tools.tbx\CalculateField" Date="20161116" Time="170811">CalculateField Limites_2016_v7 dpto [code_dpto] VB #</Process><Process ToolSource="c:\program files (x86)\arcgis\desktop10.2\ArcToolbox\Toolboxes\Data Management Tools.tbx\CalculateField" Date="20161116" Time="170829">CalculateField Limites_2016_v7 dpto [depto] VB #</Process><Process ToolSource="c:\program files (x86)\arcgis\desktop10.2\ArcToolbox\Toolboxes\Data Management Tools.tbx\CalculateField" Date="20161116" Time="170917">CalculateField Limites_2016_v7 cod_muni [code_muni] VB #</Process><Process ToolSource="c:\program files (x86)\arcgis\desktop10.2\ArcToolbox\Toolboxes\Data Management Tools.tbx\CalculateField" Date="20161116" Time="170959">CalculateField Limites_2016_v7 code_muni [cod_muni] VB #</Process><Process ToolSource="c:\program files (x86)\arcgis\desktop10.2\ArcToolbox\Toolboxes\Data Management Tools.tbx\CalculateField" Date="20161116" Time="171104">CalculateField Limites_2016_v7 muni [MUNICIPIO] VB #</Process><Process ToolSource="c:\program files (x86)\arcgis\desktop10.2\ArcToolbox\Toolboxes\Data Management Tools.tbx\CalculateField" Date="20161116" Time="171350">CalculateField Limites_2016_v7 clase "municipio" VB #</Process><Process ToolSource="c:\program files (x86)\arcgis\desktop10.2\ArcToolbox\Toolboxes\Data Management Tools.tbx\CalculateField" Date="20161116" Time="171444">CalculateField Limites_2016_v7 leyenda [muni] VB #</Process><Process ToolSource="c:\program files (x86)\arcgis\desktop10.2\ArcToolbox\Toolboxes\Data Management Tools.tbx\CalculateField" Date="20161116" Time="171544">CalculateField Limites_2016_v7 leyen_wms [leyenda] VB #</Process><Process ToolSource="c:\program files (x86)\arcgis\desktop10.2\ArcToolbox\Toolboxes\Data Management Tools.tbx\CalculateField" Date="20161116" Time="173551">CalculateField Limites_2016_v7 marcojurid "Constitucion Politica de Nicaragua y Reformas Incorporadas (Gac. 032, 2014/02/18); Ley 40 y Reformas (Gac. 006, 2013/01/14); Ley 59 (Gac. 189, 1989/10/06) y Anexo I (Gac. 241, 1995/12/22); Ley 28 (Gac. 238, 1987/10/30)" VB #</Process><Process ToolSource="c:\program files (x86)\arcgis\desktop10.2\ArcToolbox\Toolboxes\Data Management Tools.tbx\CalculateField" Date="20161116" Time="173638">CalculateField Limites_2016_v7 marcojurid "Constitucion Politica y Reformas (Gac. 032, 2014/02/18); Ley 40 y Reformas (Gac. 006, 2013/01/14); Ley 59 (Gac. 189, 1989/10/06) y Anexo I (Gac. 241, 1995/12/22); Ley 28 (Gac. 238, 1987/10/30)" VB #</Process><Process ToolSource="c:\program files (x86)\arcgis\desktop10.2\ArcToolbox\Toolboxes\Data Management Tools.tbx\CalculateField" Date="20161116" Time="174013">CalculateField Limites_2016_v7 marcojurid "Constitucion Politica y Reformas (Gac. 032, 2014/02/18); Ley 40 y Reformas (Gac. 006, 2013/01/14); Ley 59 (Gac. 189, 1989/10/06) y Anexo I (Gac. 241, 1995/12/22); Ley 28 (Gac. 238, 1987/10/30); Ley 221 (Gac.110, 1996/06/13)" VB #</Process><Process ToolSource="c:\program files (x86)\arcgis\desktop10.2\ArcToolbox\Toolboxes\Data Management Tools.tbx\CalculateField" Date="20161116" Time="174651">CalculateField Limites_2016_v7 marcojurid "Constitucion Politica y Reformas (G.032, 2014/02/18); Ley 40 y Reformas (G.006, 2013/01/14); Ley 59 (G.189, 1989/10/06) y Anexo I (G.241, 1995/12/22); Ley 28 (G.238, 1987/10/30)" VB #</Process><Process ToolSource="c:\program files (x86)\arcgis\desktop10.2\ArcToolbox\Toolboxes\Data Management Tools.tbx\CalculateField" Date="20161116" Time="174731">CalculateField Limites_2016_v7 marcojurid "Constitucion Politica y Reformas (G.032, 2014/02/18); Ley 40 y Reformas (G.006, 2013/01/14); Ley 59 (G.189, 1989/10/06) y Anexo I (G.241, 1995/12/22); Ley 28 (G.238, 1987/10/30); Ley 221 (G.110, 1996/06/13)" VB #</Process><Process ToolSource="c:\program files (x86)\arcgis\desktop10.2\ArcToolbox\Toolboxes\Data Management Tools.tbx\CalculateField" Date="20161116" Time="174756">CalculateField Limites_2016_v7 marcojurid "Constitucion Politica y Reformas (G.032, 2014/02/18); Ley 40 y Reformas (G.006, 2013/01/14); Ley 59 (G.189, 1989/10/06) y Anexo I (G.241, 1995/12/22); Ley 28 (G.238, 1987/10/30)" VB #</Process><Process ToolSource="c:\program files (x86)\arcgis\desktop10.2\ArcToolbox\Toolboxes\Data Management Tools.tbx\CalculateField" Date="20161116" Time="174856">CalculateField Limites_2016_v7 marcojurid "Constitucion Politica y Reformas (G.032, 2014/02/18); Ley 40 y Reformas (G.006, 2013/01/14); Ley 59 (G.189, 1989/10/06) y Anexo I (G.241, 1995/12/22); Ley 28 (G.238, 1987/10/30); Ley 221 (G.110, 1996/06/13)" VB #</Process><Process ToolSource="c:\program files (x86)\arcgis\desktop10.2\ArcToolbox\Toolboxes\Data Management Tools.tbx\CalculateField" Date="20161116" Time="175055">CalculateField Limites_2016_v7 marcojurid "Constitucion Politica y Reformas (G.032, 2014/02/18); Ley 40 y Reformas (G.006, 2013/01/14); Ley 59 (G.189, 1989/10/06) y Anexo I (G.241, 1995/12/22 y G.183, 1996/09/27); Ley 28 (G.238, 1987/10/30)" VB #</Process><Process ToolSource="c:\program files (x86)\arcgis\desktop10.2\ArcToolbox\Toolboxes\Data Management Tools.tbx\CalculateField" Date="20161116" Time="175126">CalculateField Limites_2016_v7 marcojurid "Constitucion Politica y Reformas (G.032, 2014/02/18); Ley 40 y Reformas (G.006, 2013/01/14); Ley 59 (G.189, 1989/10/06) y Anexo I (G.241, 1995/12/22 y G.183, 1996/09/27); Ley 28 (G.238, 1987/10/30); Ley 221 (G.110, 1996/06/13)" VB #</Process><Process ToolSource="c:\program files (x86)\arcgis\desktop10.2\ArcToolbox\Toolboxes\Data Management Tools.tbx\CalculateField" Date="20161116" Time="175405">CalculateField Limites_2016_v7 marcojurid "Constitucion Politica y Reformas (G.032, 2014/02/18); Ley 40 y Reformas (G.006, 2013/01/14); Ley 59 (G.189, 1989/10/06) y Anexo I (G.241, 1995/12/22); Ley 28 (G.238, 1987/10/30); Ley 251 (G.144, 1997/07/30)" VB #</Process><Process ToolSource="c:\program files (x86)\arcgis\desktop10.2\ArcToolbox\Toolboxes\Data Management Tools.tbx\CalculateField" Date="20161116" Time="175726">CalculateField Limites_2016_v7 marcojurid "Constitucion Politica y Reformas (G.032, 2014/02/18); Ley 40 y Reformas (G.006, 2013/01/14); Ley 59 (G.189, 1989/10/06) y Anexo I (G.241, 1995/12/22); Ley 28 (G.238, 1987/10/30); Ley 251 (G.144, 1997/07/30); Ley 329 (G.007, 2000/01/11)" VB #</Process><Process ToolSource="c:\program files (x86)\arcgis\desktop10.2\ArcToolbox\Toolboxes\Data Management Tools.tbx\CalculateField" Date="20161116" Time="175755">CalculateField Limites_2016_v7 marcojurid "Constitucion Politica y Reformas (G.032, 2014/02/18); Ley 40 y Reformas (G.006, 2013/01/14); Ley 59 (G.189, 1989/10/06) y Anexo I (G.241, 1995/12/22); Ley 28 (G.238, 1987/10/30);  Ley 329 (G.007, 2000/01/11)" VB #</Process><Process ToolSource="c:\program files (x86)\arcgis\desktop10.2\ArcToolbox\Toolboxes\Data Management Tools.tbx\CalculateField" Date="20161116" Time="180452">CalculateField Limites_2016_v7 marcojurid "Constitucion Politica y Reformas (G.032, 2014/02/18); Ley 40 y Reformas (G.006, 2013/01/14); Ley 59 (G.189, 1989/10/06) y Anexo I (G.241, 1995/12/22 y G.183, 1996/09/27); Ley 28 (G.238, 1987/10/30)" VB #</Process><Process ToolSource="c:\program files (x86)\arcgis\desktop10.2\ArcToolbox\Toolboxes\Data Management Tools.tbx\CalculateField" Date="20161116" Time="181647">CalculateField Limites_2016_v7 leyen [leyenda] VB #</Process><Process ToolSource="c:\program files (x86)\arcgis\desktop10.2\ArcToolbox\Toolboxes\Data Management Tools.tbx\CalculateField" Date="20161116" Time="181704">CalculateField Limites_2016_v7 wms [leyen_wms] VB #</Process><Process ToolSource="c:\program files (x86)\arcgis\desktop10.2\ArcToolbox\Toolboxes\Data Management Tools.tbx\CalculateField" Date="20161116" Time="181935">CalculateField Limites_2016_v7 mj [marcojurid] VB #</Process><Process ToolSource="c:\program files (x86)\arcgis\desktop10.2\ArcToolbox\Toolboxes\Data Management Tools.tbx\CalculateField" Date="20161116" Time="182415">CalculateField Limites_2016_v7 Label [leyen] VB #</Process><Process ToolSource="c:\program files (x86)\arcgis\desktop10.2\ArcToolbox\Toolboxes\Data Management Tools.tbx\CalculateField" Date="20161116" Time="182451">CalculateField Limites_2016_v7 Label2 [Label] VB #</Process><Process ToolSource="c:\program files (x86)\arcgis\desktop10.2\ArcToolbox\Toolboxes\Data Management Tools.tbx\CalculateField" Date="20161116" Time="182516">CalculateField Limites_2016_v7 label [Label2] VB #</Process><Process ToolSource="c:\program files (x86)\arcgis\desktop10.2\ArcToolbox\Toolboxes\Data Management Tools.tbx\CalculateField" Date="20161116" Time="182548">CalculateField Limites_2016_v7 label_wms [wms] VB #</Process><Process ToolSource="c:\program files (x86)\arcgis\desktop10.2\ArcToolbox\Toolboxes\Data Management Tools.tbx\CalculateField" Date="20161116" Time="182701">CalculateField Limites_2016_v7 m_juridico [mj] VB #</Process><Process ToolSource="c:\program files (x86)\arcgis\desktop10.2\ArcToolbox\Toolboxes\Data Management Tools.tbx\CalculateField" Date="20161118" Time="082114">CalculateField Limites_2016_v8 mjurid [m_juridico] VB #</Process><Process ToolSource="c:\program files (x86)\arcgis\desktop10.2\ArcToolbox\Toolboxes\Data Management Tools.tbx\CalculateField" Date="20161118" Time="082210">CalculateField Limites_2016_v8 label_wms [label] VB #</Process><Process ToolSource="c:\program files (x86)\arcgis\desktop10.2\ArcToolbox\Toolboxes\Data Management Tools.tbx\CalculateField" Date="20161118" Time="082629">CalculateField Limites_2016_v8 m_juridico [mjurid] VB #</Process><Process ToolSource="c:\program files (x86)\arcgis\desktop10.2\ArcToolbox\Toolboxes\Data Management Tools.tbx\CalculateField" Date="20161118" Time="083013">CalculateField Limites_2016_v8 clase "Municipio" VB #</Process><Process ToolSource="c:\program files (x86)\arcgis\desktop10.2\ArcToolbox\Toolboxes\Data Management Tools.tbx\CalculateField" Date="20161118" Time="085118">CalculateField Limites_2016_v8 code [code_muni] VB #</Process><Process ToolSource="c:\program files (x86)\arcgis\desktop10.2\ArcToolbox\Toolboxes\Data Management Tools.tbx\CalculateField" Date="20161118" Time="085141">CalculateField Limites_2016_v8 codmu [code_muni] VB #</Process><Process ToolSource="c:\program files (x86)\arcgis\desktop10.2\ArcToolbox\Toolboxes\Data Management Tools.tbx\CalculateField" Date="20161118" Time="085221">CalculateField Limites_2016_v8 code_muni [codmu] VB #</Process><Process ToolSource="c:\program files (x86)\arcgis\desktop10.2\ArcToolbox\Toolboxes\Data Management Tools.tbx\CalculateField" Date="20161118" Time="085251">CalculateField Limites_2016_v8 mun [muni] VB #</Process><Process ToolSource="c:\program files (x86)\arcgis\desktop10.2\ArcToolbox\Toolboxes\Data Management Tools.tbx\CalculateField" Date="20161118" Time="085321">CalculateField Limites_2016_v8 muni [mun] VB #</Process><Process ToolSource="c:\program files (x86)\arcgis\desktop10.2\ArcToolbox\Toolboxes\Data Management Tools.tbx\CalculateField" Date="20161118" Time="085356">CalculateField Limites_2016_v8 clas [clase] VB #</Process><Process ToolSource="c:\program files (x86)\arcgis\desktop10.2\ArcToolbox\Toolboxes\Data Management Tools.tbx\CalculateField" Date="20161118" Time="085422">CalculateField Limites_2016_v8 clase [clas] VB #</Process><Process ToolSource="c:\program files (x86)\arcgis\desktop10.2\ArcToolbox\Toolboxes\Data Management Tools.tbx\CalculateField" Date="20161118" Time="085452">CalculateField Limites_2016_v8 cab [cab_muni] VB #</Process><Process ToolSource="c:\program files (x86)\arcgis\desktop10.2\ArcToolbox\Toolboxes\Data Management Tools.tbx\CalculateField" Date="20161118" Time="085527">CalculateField Limites_2016_v8 cab_muni [cab] VB #</Process><Process ToolSource="c:\program files (x86)\arcgis\desktop10.2\ArcToolbox\Toolboxes\Data Management Tools.tbx\CalculateField" Date="20161118" Time="085830">CalculateField Limites_2016_v8 nombre [label] VB #</Process><Process ToolSource="c:\program files (x86)\arcgis\desktop10.2\ArcToolbox\Toolboxes\Data Management Tools.tbx\CalculateField" Date="20161118" Time="085909">CalculateField Limites_2016_v8 lab [label] VB #</Process><Process ToolSource="c:\program files (x86)\arcgis\desktop10.2\ArcToolbox\Toolboxes\Data Management Tools.tbx\CalculateField" Date="20161118" Time="085939">CalculateField Limites_2016_v8 label [lab] VB #</Process><Process ToolSource="c:\program files (x86)\arcgis\desktop10.2\ArcToolbox\Toolboxes\Data Management Tools.tbx\CalculateField" Date="20161118" Time="090007">CalculateField Limites_2016_v8 wms [label_wms] VB #</Process><Process ToolSource="c:\program files (x86)\arcgis\desktop10.2\ArcToolbox\Toolboxes\Data Management Tools.tbx\CalculateField" Date="20161118" Time="090039">CalculateField Limites_2016_v8 label_wms [wms] VB #</Process><Process ToolSource="c:\program files (x86)\arcgis\desktop10.2\ArcToolbox\Toolboxes\Data Management Tools.tbx\CalculateField" Date="20161118" Time="090114">CalculateField Limites_2016_v8 jur [m_juridico] VB #</Process><Process ToolSource="c:\program files (x86)\arcgis\desktop10.2\ArcToolbox\Toolboxes\Data Management Tools.tbx\CalculateField" Date="20161118" Time="090147">CalculateField Limites_2016_v8 m_juridico [jur] VB #</Process><Process ToolSource="c:\program files (x86)\arcgis\desktop10.2\ArcToolbox\Toolboxes\Conversion Tools.tbx\FeatureClassToFeatureClass" Date="20161118" Time="100745">FeatureClassToFeatureClass Limites_2016_v8 "E:\20150901_DGOT_Saneamiento DPA\2. Procesamiento\SIG\Shapes\DPA.mdb\UTM WGS 84 Z16N" Limites_2016_v8 # "OBJECTID "OBJECTID" true true false 9 Long 0 9 ,First,#,Limites_2016_v8,OBJECTID,-1,-1;ID "ID" true true false 9 Long 0 9 ,First,#,Limites_2016_v8,ID,-1,-1;code_dpto "code_dpto" true true false 50 Text 0 0 ,First,#,Limites_2016_v8,code_dpto,-1,-1;dpto "dpto" true true false 50 Text 0 0 ,First,#,Limites_2016_v8,dpto,-1,-1;code "code" true true false 50 Text 0 0 ,First,#,Limites_2016_v8,code,-1,-1;code_muni "code_muni" true true false 4 Text 0 0 ,First,#,Limites_2016_v8,code_muni,-1,-1;muni "muni" true true false 50 Text 0 0 ,First,#,Limites_2016_v8,muni,-1,-1;clase "clase" true true false 50 Text 0 0 ,First,#,Limites_2016_v8,clase,-1,-1;cab_muni "cab_muni" true true false 50 Text 0 0 ,First,#,Limites_2016_v8,cab_muni,-1,-1;nombre "nombre" true true false 50 Text 0 0 ,First,#,Limites_2016_v8,nombre,-1,-1;label "label" true true false 50 Text 0 0 ,First,#,Limites_2016_v8,label,-1,-1;label_wms "label_wms" true true false 50 Text 0 0 ,First,#,Limites_2016_v8,label_wms,-1,-1;m_juridico "m_juridico" true true false 254 Text 0 0 ,First,#,Limites_2016_v8,m_juridico,-1,-1;area_km2 "area_km2" true true false 19 Double 0 0 ,First,#,Limites_2016_v8,area_km2,-1,-1;pob_2005 "pob_2005" true true false 4 Short 0 4 ,First,#,Limites_2016_v8,pob_2005,-1,-1;pob_2016 "pob_2016" true true false 4 Short 0 4 ,First,#,Limites_2016_v8,pob_2016,-1,-1" #</Process><Process ToolSource="c:\program files (x86)\arcgis\desktop10.2\ArcToolbox\Toolboxes\Data Management Tools.tbx\CalculateField" Date="20161121" Time="113924">CalculateField Limites_2016_v8 OBJECTID [OBJECTID_1] VB #</Process><Process ToolSource="c:\program files (x86)\arcgis\desktop10.6\ArcToolbox\Toolboxes\Data Management Tools.tbx\CopyFeatures" Date="20180818" Time="183436">CopyFeatures "O:\Uso 2000_2005_2010_2015\Limites Oficiales_Nicaragua\2016_INETER_DPA_Municipios.shp" "G:\Geología\Version_Ligera_CD\Datos\Limites oficiales.gdb\T2016_INETER_DPA_Municipios" # 0 0 0</Process><Process ToolSource="c:\program files (x86)\arcgis\desktop10.6\ArcToolbox\Toolboxes\Data Management Tools.tbx\CalculateField" Date="20181128" Time="170230">CalculateField 2016_INETER_DPA_Municipios Región "Caribe" VB #</Process><Process ToolSource="c:\program files (x86)\arcgis\desktop10.6\ArcToolbox\Toolboxes\Data Management Tools.tbx\CalculateField" Date="20181128" Time="170409">CalculateField 2016_INETER_DPA_Municipios Región "Centro - Norte" VB #</Process><Process ToolSource="c:\program files (x86)\arcgis\desktop10.6\ArcToolbox\Toolboxes\Data Management Tools.tbx\CalculateField" Date="20181128" Time="170432">CalculateField 2016_INETER_DPA_Municipios Región "Pacífico" VB #</Process></lineage><itemProps><itemName Sync="TRUE">2016_INETER_DPA_Municipios</itemName><imsContentType Sync="TRUE">002</imsContentType><itemSize Sync="TRUE">6.374</itemSize><itemLocation><linkage Sync="TRUE">file://\\JOROCI_WS\Catie\Capas oficiales\2016_INETER_DPA_Municipios</linkage><protocol Sync="TRUE">Local Area Network</protocol></itemLocation><nativeExtBox><westBL Sync="TRUE">425007.532600</westBL><eastBL Sync="TRUE">978685.974200</eastBL><southBL Sync="TRUE">1185316.487300</southBL><northBL Sync="TRUE">1664791.485300</northBL><exTypeCode Sync="TRUE">1</exTypeCode></nativeExtBox></itemProps><coordRef><type Sync="TRUE">Projected</type><geogcsn Sync="TRUE">GCS_WGS_1984</geogcsn><csUnits Sync="TRUE">Linear Unit: Meter (1.000000)</csUnits><projcsn Sync="TRUE">WGS_1984_UTM_Zone_16N</projcsn><peXml Sync="TRUE">&lt;ProjectedCoordinateSystem xsi:type='typens:ProjectedCoordinateSystem' xmlns:xsi='http://www.w3.org/2001/XMLSchema-instance' xmlns:xs='http://www.w3.org/2001/XMLSchema' xmlns:typens='http://www.esri.com/schemas/ArcGIS/10.6'&gt;&lt;WKT&gt;PROJCS[&amp;quot;WGS_1984_UTM_Zone_16N&amp;quot;,GEOGCS[&amp;quot;GCS_WGS_1984&amp;quot;,DATUM[&amp;quot;D_WGS_1984&amp;quot;,SPHEROID[&amp;quot;WGS_1984&amp;quot;,6378137.0,298.257223563]],PRIMEM[&amp;quot;Greenwich&amp;quot;,0.0],UNIT[&amp;quot;Degree&amp;quot;,0.0174532925199433]],PROJECTION[&amp;quot;Transverse_Mercator&amp;quot;],PARAMETER[&amp;quot;False_Easting&amp;quot;,500000.0],PARAMETER[&amp;quot;False_Northing&amp;quot;,0.0],PARAMETER[&amp;quot;Central_Meridian&amp;quot;,-87.0],PARAMETER[&amp;quot;Scale_Factor&amp;quot;,0.9996],PARAMETER[&amp;quot;Latitude_Of_Origin&amp;quot;,0.0],UNIT[&amp;quot;Meter&amp;quot;,1.0],AUTHORITY[&amp;quot;EPSG&amp;quot;,32616]]&lt;/WKT&gt;&lt;XOrigin&gt;-5120900&lt;/XOrigin&gt;&lt;YOrigin&gt;-9998100&lt;/YOrigin&gt;&lt;XYScale&gt;450445547.3910538&lt;/XYScale&gt;&lt;ZOrigin&gt;-100000&lt;/ZOrigin&gt;&lt;ZScale&gt;10000&lt;/ZScale&gt;&lt;MOrigin&gt;-100000&lt;/MOrigin&gt;&lt;MScale&gt;10000&lt;/MScale&gt;&lt;XYTolerance&gt;0.001&lt;/XYTolerance&gt;&lt;ZTolerance&gt;0.001&lt;/ZTolerance&gt;&lt;MTolerance&gt;0.001&lt;/MTolerance&gt;&lt;HighPrecision&gt;true&lt;/HighPrecision&gt;&lt;WKID&gt;32616&lt;/WKID&gt;&lt;LatestWKID&gt;32616&lt;/LatestWKID&gt;&lt;/ProjectedCoordinateSystem&gt;</peXml></coordRef><copyHistory><copy source="O:\Uso 2000_2005_2010_2015\Limites Oficiales_Nicaragua\2016_INETER_DPA_Municipios" dest="\\JOROCI_WS\Catie\Capas oficiales\2016_INETER_DPA_Municipios" date="20200121" time="09345300"></copy></copyHistory></DataProperties><SyncDate>20190803</SyncDate><SyncTime>12120200</SyncTime><ModDate>20190803</ModDate><ModTime>12120200</ModTime><ArcGISstyle>North American Profile of ISO19115 2003</ArcGISstyle></Esri><dataIdInfo><envirDesc Sync="TRUE"> Version 6.2 (Build 9200) ; Esri ArcGIS 10.6.0.8321</envirDesc><dataLang><languageCode value="spa" Sync="TRUE"></languageCode><countryCode value="NIC" Sync="TRUE"></countryCode></dataLang><idCitation><resTitle Sync="TRUE">2016_INETER_DPA_Municipios</resTitle><presForm><PresFormCd value="005" Sync="TRUE"></PresFormCd></presForm></idCitation><spatRpType><SpatRepTypCd value="001" Sync="TRUE"></SpatRepTypCd></spatRpType><dataExt><geoEle><GeoBndBox esriExtentType="search"><exTypeCode Sync="TRUE">1</exTypeCode><westBL Sync="TRUE">-87.697727</westBL><eastBL Sync="TRUE">-82.551010</eastBL><northBL Sync="TRUE">15.058456</northBL><southBL Sync="TRUE">10.691983</southBL></GeoBndBox></geoEle></dataExt></dataIdInfo><mdLang><languageCode value="spa" Sync="TRUE"></languageCode><countryCode value="NIC" Sync="TRUE"></countryCode></mdLang><mdChar><CharSetCd value="004" Sync="TRUE"></CharSetCd></mdChar><distInfo><distFormat><formatName Sync="TRUE">Shapefile</formatName></distFormat><distTranOps><transSize Sync="TRUE">6.374</transSize></distTranOps></distInfo><mdHrLv><ScopeCd value="005" Sync="TRUE"></ScopeCd></mdHrLv><mdHrLvName Sync="TRUE">dataset</mdHrLvName><refSysInfo><RefSystem><refSysID><identCode code="32616" Sync="TRUE" value="32616"></identCode><idCodeSpace Sync="TRUE">EPSG</idCodeSpace><idVersion Sync="TRUE">2.1(3.0.1)</idVersion></refSysID></RefSystem></refSysInfo><spatRepInfo><VectSpatRep><geometObjs Name="2016_INETER_DPA_Municipios"><geoObjTyp><GeoObjTypCd value="002" Sync="TRUE"></GeoObjTypCd></geoObjTyp><geoObjCnt Sync="TRUE">153</geoObjCnt></geometObjs><topLvl><TopoLevCd value="001" Sync="TRUE"></TopoLevCd></topLvl></VectSpatRep></spatRepInfo><spdoinfo><ptvctinf><esriterm Name="2016_INETER_DPA_Municipios"><efeatyp Sync="TRUE">Simple</efeatyp><efeageom code="4" Sync="TRUE"></efeageom><esritopo Sync="TRUE">FALSE</esritopo><efeacnt Sync="TRUE">153</efeacnt><spindex Sync="TRUE">TRUE</spindex><linrefer Sync="TRUE">FALSE</linrefer></esriterm></ptvctinf></spdoinfo><eainfo><detailed Name="2016_INETER_DPA_Municipios"><enttyp><enttypl Sync="TRUE">2016_INETER_DPA_Municipios</enttypl><enttypt Sync="TRUE">Feature Class</enttypt><enttypc Sync="TRUE">153</enttypc></enttyp><attr><attrlabl Sync="TRUE">FID</attrlabl><attalias Sync="TRUE">FID</attalias><attrtype Sync="TRUE">OID</attrtype><attwidth Sync="TRUE">4</attwidth><atprecis Sync="TRUE">0</atprecis><attscale Sync="TRUE">0</attscale><attrdef Sync="TRUE">Internal feature number.</attrdef><attrdefs Sync="TRUE">Esri</attrdefs><attrdomv><udom Sync="TRUE">Sequential unique whole numbers that are automatically generated.</udom></attrdomv></attr><attr><attrlabl Sync="TRUE">OBJECTID_1</attrlabl><attalias Sync="TRUE">OBJECTID_1</attalias><attrtype Sync="TRUE">Integer</attrtype><attwidth Sync="TRUE">10</attwidth><atprecis Sync="TRUE">10</atprecis><attscale Sync="TRUE">0</attscale><attrdef Sync="TRUE">Internal feature number.</attrdef><attrdefs Sync="TRUE">Esri</attrdefs><attrdomv><udom Sync="TRUE">Sequential unique whole numbers that are automatically generated.</udom></attrdomv></attr><attr><attrlabl Sync="TRUE">OBJECTID</attrlabl><attalias Sync="TRUE">OBJECTID</attalias><attrtype Sync="TRUE">Integer</attrtype><attwidth Sync="TRUE">10</attwidth><atprecis Sync="TRUE">10</atprecis><attscale Sync="TRUE">0</attscale><attrdef Sync="TRUE">Internal feature number.</attrdef><attrdefs Sync="TRUE">Esri</attrdefs><attrdomv><udom Sync="TRUE">Sequential unique whole numbers that are automatically generated.</udom></attrdomv></attr><attr><attrlabl Sync="TRUE">Shape</attrlabl><attalias Sync="TRUE">Shape</attalias><attrtype Sync="TRUE">Geometry</attrtype><attwidth Sync="TRUE">0</attwidth><atprecis Sync="TRUE">0</atprecis><attscale Sync="TRUE">0</attscale><attrdef Sync="TRUE">Feature geometry.</attrdef><attrdefs Sync="TRUE">ESRI</attrdefs><attrdomv><udom Sync="TRUE">Coordinates defining the features.</udom></attrdomv></attr><attr><attrlabl Sync="TRUE">ID</attrlabl><attalias Sync="TRUE">ID</attalias><attrtype Sync="TRUE">Integer</attrtype><attwidth Sync="TRUE">10</attwidth><atprecis Sync="TRUE">10</atprecis><attscale Sync="TRUE">0</attscale></attr><attr><attrlabl Sync="TRUE">Shape_Area</attrlabl><attalias Sync="TRUE">Shape_Area</attalias><attrtype Sync="TRUE">Double</attrtype><attwidth Sync="TRUE">19</attwidth><atprecis Sync="TRUE">0</atprecis><attscale Sync="TRUE">0</attscale><attrdef Sync="TRUE">Area of feature in internal units squared.</attrdef><attrdefs Sync="TRUE">Esri</attrdefs><attrdomv><udom Sync="TRUE">Positive real numbers that are automatically generated.</udom></attrdomv></attr><attr><attrlabl Sync="TRUE">dpto</attrlabl><attalias Sync="TRUE">dpto</attalias><attrtype Sync="TRUE">String</attrtype><attwidth Sync="TRUE">50</attwidth><atprecis Sync="TRUE">0</atprecis><attscale Sync="TRUE">0</attscale></attr><attr><attrlabl Sync="TRUE">code</attrlabl><attalias Sync="TRUE">code</attalias><attrtype Sync="TRUE">String</attrtype><attwidth Sync="TRUE">50</attwidth><atprecis Sync="TRUE">0</atprecis><attscale Sync="TRUE">0</attscale></attr><attr><attrlabl Sync="TRUE">CODE_MUNI</attrlabl><attalias Sync="TRUE">code_muni</attalias><attrtype Sync="TRUE">String</attrtype><attwidth Sync="TRUE">4</attwidth><atprecis Sync="TRUE">0</atprecis><attscale Sync="TRUE">0</attscale></attr><attr><attrlabl Sync="TRUE">muni</attrlabl><attalias Sync="TRUE">muni</attalias><attrtype Sync="TRUE">String</attrtype><attwidth Sync="TRUE">50</attwidth><atprecis Sync="TRUE">0</atprecis><attscale Sync="TRUE">0</attscale></attr><attr><attrlabl Sync="TRUE">clase</attrlabl><attalias Sync="TRUE">clase</attalias><attrtype Sync="TRUE">String</attrtype><attwidth Sync="TRUE">50</attwidth><atprecis Sync="TRUE">0</atprecis><attscale Sync="TRUE">0</attscale></attr><attr><attrlabl Sync="TRUE">cab_muni</attrlabl><attalias Sync="TRUE">cab_muni</attalias><attrtype Sync="TRUE">String</attrtype><attwidth Sync="TRUE">50</attwidth><atprecis Sync="TRUE">0</atprecis><attscale Sync="TRUE">0</attscale></attr><attr><attrlabl Sync="TRUE">nombre</attrlabl><attalias Sync="TRUE">nombre</attalias><attrtype Sync="TRUE">String</attrtype><attwidth Sync="TRUE">50</attwidth><atprecis Sync="TRUE">0</atprecis><attscale Sync="TRUE">0</attscale></attr><attr><attrlabl Sync="TRUE">label</attrlabl><attalias Sync="TRUE">label</attalias><attrtype Sync="TRUE">String</attrtype><attwidth Sync="TRUE">50</attwidth><atprecis Sync="TRUE">0</atprecis><attscale Sync="TRUE">0</attscale></attr><attr><attrlabl Sync="TRUE">label_wms</attrlabl><attalias Sync="TRUE">label_wms</attalias><attrtype Sync="TRUE">String</attrtype><attwidth Sync="TRUE">50</attwidth><atprecis Sync="TRUE">0</atprecis><attscale Sync="TRUE">0</attscale></attr><attr><attrlabl Sync="TRUE">m_juridico</attrlabl><attalias Sync="TRUE">m_juridico</attalias><attrtype Sync="TRUE">String</attrtype><attwidth Sync="TRUE">254</attwidth><atprecis Sync="TRUE">0</atprecis><attscale Sync="TRUE">0</attscale></attr><attr><attrlabl Sync="TRUE">CODE_DPTO</attrlabl><attalias Sync="TRUE">code_dpto</attalias><attrtype Sync="TRUE">String</attrtype><attwidth Sync="TRUE">50</attwidth><atprecis Sync="TRUE">0</atprecis><attscale Sync="TRUE">0</attscale></attr><attr><attrlabl Sync="TRUE">Shape_Leng</attrlabl><attalias Sync="TRUE">Shape_Leng</attalias><attrtype Sync="TRUE">Double</attrtype><attwidth Sync="TRUE">19</attwidth><atprecis Sync="TRUE">0</atprecis><attscale Sync="TRUE">0</attscale></attr><attr><attrlabl Sync="TRUE">pob_2005</attrlabl><attalias Sync="TRUE">pob_2005</attalias><attrtype Sync="TRUE">Integer</attrtype><attwidth Sync="TRUE">10</attwidth><atprecis Sync="TRUE">10</atprecis><attscale Sync="TRUE">0</attscale></attr><attr><attrlabl Sync="TRUE">pob_2016</attrlabl><attalias Sync="TRUE">pob_2016</attalias><attrtype Sync="TRUE">Integer</attrtype><attwidth Sync="TRUE">10</attwidth><atprecis Sync="TRUE">10</atprecis><attscale Sync="TRUE">0</attscale></attr><attr><attrlabl Sync="TRUE">Shape_Le_1</attrlabl><attalias Sync="TRUE">Shape_Le_1</attalias><attrtype Sync="TRUE">Double</attrtype><attwidth Sync="TRUE">19</attwidth><atprecis Sync="TRUE">0</atprecis><attscale Sync="TRUE">0</attscale></attr><attr><attrlabl Sync="TRUE">AREA_KM2</attrlabl><attalias Sync="TRUE">area_km2</attalias><attrtype Sync="TRUE">Double</attrtype><attwidth Sync="TRUE">19</attwidth><atprecis Sync="TRUE">0</atprecis><attscale Sync="TRUE">0</attscale></attr><attr><attrlabl Sync="TRUE">Perimeter</attrlabl><attalias Sync="TRUE">Perimeter</attalias><attrtype Sync="TRUE">Double</attrtype><attwidth Sync="TRUE">19</attwidth><atprecis Sync="TRUE">0</atprecis><attscale Sync="TRUE">0</attscale></attr><attr><attrlabl Sync="TRUE">Area</attrlabl><attalias Sync="TRUE">Area</attalias><attrtype Sync="TRUE">Double</attrtype><attwidth Sync="TRUE">19</attwidth><atprecis Sync="TRUE">0</atprecis><attscale Sync="TRUE">0</attscale></attr><attr><attrlabl Sync="TRUE">Hectares</attrlabl><attalias Sync="TRUE">Hectares</attalias><attrtype Sync="TRUE">Double</attrtype><attwidth Sync="TRUE">19</attwidth><atprecis Sync="TRUE">0</atprecis><attscale Sync="TRUE">0</attscale></attr><attr><attrlabl Sync="TRUE">Región</attrlabl><attalias Sync="TRUE">Región</attalias><attrtype Sync="TRUE">String</attrtype><attwidth Sync="TRUE">50</attwidth><atprecis Sync="TRUE">0</atprecis><attscale Sync="TRUE">0</attscale></attr></detailed></eainfo><mdDateSt Sync="TRUE">20190803</mdDateSt></metadata>
